fecha,dia_semana,temporada,clima,temperatura_c,es_fin_de_semana_o_feriado,visitantes_reales
2025-01-01,miércoles,lluvias,despejado,8.9,true,3450
2025-01-02,jueves,lluvias,nublado,21.4,false,2178
2025-01-03,viernes,lluvias,lluvia,11.4,false,2560
2025-01-04,sábado,lluvias,lluvia,14.8,true,2601
2025-01-05,domingo,lluvias,nublado,18.9,true,2193
2025-01-06,lunes,lluvias,lluvia_torrencial,22.4,true,1930
2025-01-07,martes,lluvias,lluvia_torrencial,20.0,false,1174
2025-01-08,miércoles,lluvias,nublado,11.6,false,2873
2025-01-09,jueves,lluvias,nublado,14.9,false,2289
2025-01-10,viernes,lluvias,nublado,19.3,false,2532
2025-01-11,sábado,lluvias,tormenta,14.9,true,1169
2025-01-12,domingo,lluvias,lluvia_torrencial,13.0,true,1859
2025-01-13,lunes,lluvias,lluvia,20.8,false,2158
2025-01-14,martes,lluvias,lluvia,11.2,false,2926
2025-01-15,miércoles,lluvias,nublado,12.4,false,2121
2025-01-16,jueves,lluvias,nublado,13.3,false,1966
2025-01-17,viernes,lluvias,tormenta,9.5,false,1622
2025-01-18,sábado,lluvias,lluvia_torrencial,10.0,true,1737
2025-01-19,domingo,lluvias,lluvia_torrencial,14.4,true,1490
2025-01-20,lunes,lluvias,tormenta,16.1,false,1473
2025-01-21,martes,lluvias,lluvia_torrencial,9.4,false,1113
2025-01-22,miércoles,lluvias,nublado,17.4,false,2010
2025-01-23,jueves,lluvias,nublado,10.0,false,3010
2025-01-24,viernes,lluvias,tormenta,14.0,false,1717
2025-01-25,sábado,lluvias,lluvia,18.6,true,2245
2025-01-26,domingo,lluvias,lluvia_torrencial,12.0,true,1180
2025-01-27,lunes,lluvias,lluvia,19.4,false,3112
2025-01-28,martes,lluvias,lluvia,20.4,false,2570
2025-01-29,miércoles,lluvias,lluvia_torrencial,16.4,false,1627
2025-01-30,jueves,lluvias,tormenta,21.6,false,1619
2025-01-31,viernes,lluvias,tormenta,9.3,false,1469
2025-02-01,sábado,lluvias,tormenta,22.5,true,1357
2025-02-02,domingo,lluvias,nublado,8.8,true,3424
2025-02-03,lunes,lluvias,despejado,9.8,false,2414
2025-02-04,martes,lluvias,nublado,12.8,false,2177
2025-02-05,miércoles,lluvias,nublado,9.0,false,1980
2025-02-06,jueves,lluvias,lluvia,15.2,false,2903
2025-02-07,viernes,lluvias,nublado,21.2,false,2910
2025-02-08,sábado,lluvias,tormenta,18.4,true,1178
2025-02-09,domingo,lluvias,nublado,11.1,true,3237
2025-02-10,lunes,lluvias,lluvia_torrencial,13.1,false,1366
2025-02-11,martes,lluvias,tormenta,14.8,false,1013
2025-02-12,miércoles,lluvias,lluvia,21.5,false,2931
2025-02-13,jueves,lluvias,despejado,9.9,false,3079
2025-02-14,viernes,lluvias,lluvia,17.4,false,2537
2025-02-15,sábado,lluvias,lluvia_torrencial,16.6,true,1478
2025-02-16,domingo,lluvias,tormenta,18.4,true,1610
2025-02-17,lunes,lluvias,despejado,19.7,false,2971
2025-02-18,martes,lluvias,tormenta,19.9,false,1124
2025-02-19,miércoles,lluvias,lluvia_torrencial,19.2,false,999
2025-02-20,jueves,lluvias,lluvia,20.4,false,2749
2025-02-21,viernes,lluvias,lluvia,12.3,false,2706
2025-02-22,sábado,lluvias,lluvia_torrencial,18.9,true,1916
2025-02-23,domingo,lluvias,lluvia_torrencial,8.5,true,1301
2025-02-24,lunes,lluvias,despejado,12.1,false,1973
2025-02-25,martes,lluvias,despejado,18.1,false,2341
2025-02-26,miércoles,lluvias,nublado,12.1,false,2663
2025-02-27,jueves,lluvias,nublado,13.5,false,3045
2025-02-28,viernes,lluvias,lluvia,8.5,false,1939
2025-03-01,sábado,lluvias,lluvia_torrencial,8.5,true,1617
2025-03-02,domingo,lluvias,lluvia,22.0,true,2095
2025-03-03,lunes,lluvias,nublado,18.5,false,3034
2025-03-04,martes,lluvias,lluvia_torrencial,9.6,false,1046
2025-03-05,miércoles,lluvias,tormenta,18.5,false,1470
2025-03-06,jueves,lluvias,tormenta,21.7,false,1751
2025-03-07,viernes,lluvias,lluvia,12.6,false,2022
2025-03-08,sábado,lluvias,tormenta,9.0,true,1772
2025-03-09,domingo,lluvias,lluvia,9.1,true,2680
2025-03-10,lunes,lluvias,lluvia_torrencial,21.9,false,1184
2025-03-11,martes,lluvias,lluvia_torrencial,10.7,false,1554
2025-03-12,miércoles,lluvias,tormenta,9.1,false,1513
2025-03-13,jueves,lluvias,despejado,13.2,false,1833
2025-03-14,viernes,lluvias,nublado,14.6,false,2404
2025-03-15,sábado,lluvias,lluvia_torrencial,13.5,true,1264
2025-03-16,domingo,lluvias,lluvia,12.2,true,3045
2025-03-17,lunes,lluvias,lluvia,9.8,false,2694
2025-03-18,martes,lluvias,nublado,13.9,false,3107
2025-03-19,miércoles,lluvias,lluvia,11.4,false,2241
2025-03-20,jueves,lluvias,tormenta,17.5,false,1013
2025-03-21,viernes,lluvias,lluvia_torrencial,10.7,false,1546
2025-03-22,sábado,lluvias,tormenta,20.7,true,1261
2025-03-23,domingo,lluvias,nublado,11.2,true,2437
2025-03-24,lunes,lluvias,despejado,21.6,false,3060
2025-03-25,martes,lluvias,lluvia,9.2,false,2884
2025-03-26,miércoles,lluvias,tormenta,20.1,false,1511
2025-03-27,jueves,lluvias,lluvia_torrencial,17.5,false,1643
2025-03-28,viernes,lluvias,tormenta,18.5,false,1427
2025-03-29,sábado,lluvias,tormenta,8.8,true,1376
2025-03-30,domingo,lluvias,lluvia,16.3,true,3152
2025-03-31,lunes,lluvias,nublado,13.6,false,1991
2025-04-01,martes,lluvias,tormenta,15.2,false,1231
2025-04-02,miércoles,lluvias,tormenta,15.7,false,1520
2025-04-03,jueves,lluvias,tormenta,13.7,false,1156
2025-04-04,viernes,lluvias,lluvia_torrencial,21.7,false,1273
2025-04-05,sábado,lluvias,tormenta,17.6,true,1226
2025-04-06,domingo,lluvias,despejado,10.2,true,2176
2025-04-07,lunes,lluvias,tormenta,20.1,false,1111
2025-04-08,martes,lluvias,nublado,13.4,false,3102
2025-04-09,miércoles,lluvias,nublado,9.7,false,2023
2025-04-10,jueves,lluvias,lluvia_torrencial,9.5,false,1048
2025-04-11,viernes,lluvias,lluvia_torrencial,19.8,false,1142
2025-04-12,sábado,lluvias,lluvia,14.4,true,2619
2025-04-13,domingo,lluvias,nublado,11.3,true,3014
2025-04-14,lunes,lluvias,tormenta,9.0,false,1429
2025-04-15,martes,lluvias,lluvia,22.1,false,2105
2025-04-16,miércoles,lluvias,nublado,18.9,false,2697
2025-04-17,jueves,lluvias,lluvia,21.3,false,2374
2025-04-18,viernes,lluvias,lluvia,17.0,false,2221
2025-04-19,sábado,lluvias,nublado,21.7,true,3497
2025-04-20,domingo,lluvias,tormenta,22.1,true,1727
2025-04-21,lunes,lluvias,lluvia,12.3,false,2487
2025-04-22,martes,lluvias,lluvia,12.3,false,2852
2025-04-23,miércoles,lluvias,lluvia,18.4,false,2487
2025-04-24,jueves,lluvias,lluvia_torrencial,18.9,false,1428
2025-04-25,viernes,lluvias,tormenta,18.6,false,1272
2025-04-26,sábado,lluvias,tormenta,11.9,true,1352
2025-04-27,domingo,lluvias,lluvia_torrencial,16.5,true,1899
2025-04-28,lunes,lluvias,nublado,15.1,false,1822
2025-04-29,martes,lluvias,nublado,16.8,false,2854
2025-04-30,miércoles,lluvias,lluvia_torrencial,12.0,false,1339
2025-05-01,jueves,seca,lluvia_torrencial,16.4,true,2791
2025-05-02,viernes,seca,lluvia,17.9,false,4898
2025-05-03,sábado,seca,nublado,14.1,true,5004
2025-05-04,domingo,seca,nublado,22.6,true,4805
2025-05-05,lunes,seca,lluvia,15.5,false,4757
2025-05-06,martes,seca,despejado,16.3,false,4467
2025-05-07,miércoles,seca,nublado,21.6,false,4441
2025-05-08,jueves,seca,despejado,20.2,false,4785
2025-05-09,viernes,seca,despejado,16.1,false,4803
2025-05-10,sábado,seca,despejado,14.1,true,4832
2025-05-11,domingo,seca,despejado,18.3,true,5097
2025-05-12,lunes,seca,despejado,18.7,false,4524
2025-05-13,martes,seca,lluvia,19.5,false,4828
2025-05-14,miércoles,seca,tormenta,22.7,false,2578
2025-05-15,jueves,seca,despejado,22.5,false,4820
2025-05-16,viernes,seca,nublado,26.2,false,5070
2025-05-17,sábado,seca,nublado,25.2,true,5342
2025-05-18,domingo,seca,despejado,25.2,true,5370
2025-05-19,lunes,seca,lluvia,20.6,false,5032
2025-05-20,martes,seca,despejado,19.3,false,4078
2025-05-21,miércoles,seca,tormenta,26.1,false,2231
2025-05-22,jueves,seca,nublado,17.6,false,4435
2025-05-23,viernes,seca,despejado,17.0,false,4984
2025-05-24,sábado,seca,nublado,22.8,true,5458
2025-05-25,domingo,seca,nublado,16.9,true,5000
2025-05-26,lunes,seca,nublado,23.9,false,4955
2025-05-27,martes,seca,lluvia,20.8,false,4953
2025-05-28,miércoles,seca,nublado,22.9,false,4476
2025-05-29,jueves,seca,lluvia,23.0,false,4829
2025-05-30,viernes,seca,nublado,23.0,false,4380
2025-05-31,sábado,seca,nublado,25.8,true,5600
2025-06-01,domingo,seca,lluvia,26.0,true,4655
2025-06-02,lunes,seca,lluvia_torrencial,23.3,false,2789
2025-06-03,martes,seca,lluvia,24.2,false,4910
2025-06-04,miércoles,seca,lluvia,22.9,false,4580
2025-06-05,jueves,seca,despejado,20.3,false,4187
2025-06-06,viernes,seca,despejado,14.0,false,4356
2025-06-07,sábado,seca,despejado,16.1,true,4813
2025-06-08,domingo,seca,despejado,17.0,true,5109
2025-06-09,lunes,seca,lluvia_torrencial,19.2,false,2646
2025-06-10,martes,seca,nublado,21.2,false,4778
2025-06-11,miércoles,seca,despejado,19.0,false,4710
2025-06-12,jueves,seca,nublado,16.2,false,4389
2025-06-13,viernes,seca,nublado,22.7,false,4391
2025-06-14,sábado,seca,despejado,15.3,true,5600
2025-06-15,domingo,seca,despejado,19.3,true,5328
2025-06-16,lunes,seca,despejado,16.3,false,4189
2025-06-17,martes,seca,nublado,26.3,false,4437
2025-06-18,miércoles,seca,nublado,24.8,false,4169
2025-06-19,jueves,seca,despejado,17.0,false,4078
2025-06-20,viernes,seca,nublado,20.4,false,4727
2025-06-21,sábado,seca,nublado,17.4,true,4686
2025-06-22,domingo,seca,lluvia_torrencial,16.3,true,2898
2025-06-23,lunes,seca,lluvia,19.1,false,4214
2025-06-24,martes,seca,tormenta,19.9,true,2920
2025-06-25,miércoles,seca,despejado,19.8,false,4957
2025-06-26,jueves,seca,nublado,24.9,false,4559
2025-06-27,viernes,seca,lluvia,17.6,false,4120
2025-06-28,sábado,seca,despejado,23.6,true,4756
2025-06-29,domingo,seca,lluvia_torrencial,26.2,true,2603
2025-06-30,lunes,seca,despejado,16.4,false,4935
2025-07-01,martes,seca,despejado,26.1,false,4430
2025-07-02,miércoles,seca,lluvia,18.8,false,4401
2025-07-03,jueves,seca,nublado,19.2,false,5136
2025-07-04,viernes,seca,nublado,22.3,false,4606
2025-07-05,sábado,seca,despejado,16.6,true,5600
2025-07-06,domingo,seca,despejado,19.9,true,5269
2025-07-07,lunes,seca,despejado,14.4,false,4633
2025-07-08,martes,seca,despejado,20.9,false,4693
2025-07-09,miércoles,seca,despejado,22.7,false,5008
2025-07-10,jueves,seca,lluvia,23.1,false,4792
2025-07-11,viernes,seca,despejado,15.2,false,5027
2025-07-12,sábado,seca,lluvia,19.3,true,5374
2025-07-13,domingo,seca,lluvia,20.4,true,5261
2025-07-14,lunes,seca,despejado,20.8,false,4295
2025-07-15,martes,seca,nublado,19.3,false,4465
2025-07-16,miércoles,seca,nublado,25.8,false,4618
2025-07-17,jueves,seca,despejado,24.4,false,4493
2025-07-18,viernes,seca,lluvia_torrencial,26.1,false,2567
2025-07-19,sábado,seca,nublado,21.9,true,5600
2025-07-20,domingo,seca,lluvia,18.3,true,5600
2025-07-21,lunes,seca,lluvia,25.5,false,5056
2025-07-22,martes,seca,lluvia,15.4,false,4238
2025-07-23,miércoles,seca,lluvia,21.6,false,4803
2025-07-24,jueves,seca,tormenta,19.7,false,2519
2025-07-25,viernes,seca,despejado,21.3,false,4428
2025-07-26,sábado,seca,despejado,17.7,true,5600
2025-07-27,domingo,seca,despejado,19.6,true,5529
2025-07-28,lunes,seca,despejado,23.5,true,4875
2025-07-29,martes,seca,despejado,24.9,true,5600
2025-07-30,miércoles,seca,lluvia_torrencial,21.0,false,2363
2025-07-31,jueves,seca,nublado,25.2,false,5056
2025-08-01,viernes,seca,lluvia,20.4,false,4238
2025-08-02,sábado,seca,nublado,26.3,true,4898
2025-08-03,domingo,seca,despejado,21.3,true,5185
2025-08-04,lunes,seca,despejado,19.5,false,4277
2025-08-05,martes,seca,despejado,15.4,false,4289
2025-08-06,miércoles,seca,despejado,24.6,true,4762
2025-08-07,jueves,seca,despejado,17.9,false,4001
2025-08-08,viernes,seca,lluvia,26.0,false,4216
2025-08-09,sábado,seca,tormenta,23.2,true,3248
2025-08-10,domingo,seca,lluvia,15.3,true,4606
2025-08-11,lunes,seca,nublado,26.1,false,4504
2025-08-12,martes,seca,lluvia,22.3,false,5078
2025-08-13,miércoles,seca,nublado,14.6,false,4716
2025-08-14,jueves,seca,lluvia,19.1,false,4235
2025-08-15,viernes,seca,despejado,22.6,false,4774
2025-08-16,sábado,seca,despejado,24.2,true,4951
2025-08-17,domingo,seca,nublado,16.0,true,5600
2025-08-18,lunes,seca,despejado,16.7,false,5079
2025-08-19,martes,seca,tormenta,21.5,false,2828
2025-08-20,miércoles,seca,lluvia_torrencial,25.9,false,2444
2025-08-21,jueves,seca,tormenta,18.9,false,2434
2025-08-22,viernes,seca,nublado,25.7,false,4142
2025-08-23,sábado,seca,despejado,19.4,true,5178
2025-08-24,domingo,seca,nublado,24.2,true,5491
2025-08-25,lunes,seca,lluvia,15.4,false,4000
2025-08-26,martes,seca,lluvia,14.3,false,4981
2025-08-27,miércoles,seca,lluvia,20.1,false,4199
2025-08-28,jueves,seca,despejado,22.0,false,4868
2025-08-29,viernes,seca,nublado,14.9,false,4172
2025-08-30,sábado,seca,lluvia,20.7,true,5218
2025-08-31,domingo,seca,lluvia,24.9,true,5513
2025-09-01,lunes,seca,despejado,18.2,false,4939
2025-09-02,martes,seca,despejado,16.2,false,4745
2025-09-03,miércoles,seca,lluvia_torrencial,14.4,false,2790
2025-09-04,jueves,seca,nublado,20.9,false,4187
2025-09-05,viernes,seca,nublado,16.2,false,4830
2025-09-06,sábado,seca,despejado,15.2,true,5152
2025-09-07,domingo,seca,lluvia,14.8,true,4784
2025-09-08,lunes,seca,despejado,15.0,false,4782
2025-09-09,martes,seca,lluvia,24.7,false,5005
2025-09-10,miércoles,seca,nublado,25.1,false,4125
2025-09-11,jueves,seca,despejado,22.5,false,5115
2025-09-12,viernes,seca,lluvia,17.4,false,4801
2025-09-13,sábado,seca,despejado,18.7,true,5600
2025-09-14,domingo,seca,despejado,25.7,true,4812
2025-09-15,lunes,seca,despejado,16.1,false,4934
2025-09-16,martes,seca,despejado,17.9,false,4823
2025-09-17,miércoles,seca,nublado,24.0,false,5011
2025-09-18,jueves,seca,despejado,14.0,false,4119
2025-09-19,viernes,seca,despejado,23.5,false,4414
2025-09-20,sábado,seca,despejado,23.1,true,5207
2025-09-21,domingo,seca,despejado,19.9,true,4830
2025-09-22,lunes,seca,despejado,15.7,false,4060
2025-09-23,martes,seca,nublado,22.3,false,4814
2025-09-24,miércoles,seca,nublado,22.9,false,5050
2025-09-25,jueves,seca,lluvia,26.4,false,4049
2025-09-26,viernes,seca,nublado,17.3,false,4473
2025-09-27,sábado,seca,nublado,14.8,true,5275
2025-09-28,domingo,seca,despejado,15.9,true,5600
2025-09-29,lunes,seca,despejado,21.4,false,4428
2025-09-30,martes,seca,lluvia,18.6,false,4981
2025-10-01,miércoles,seca,nublado,22.0,false,4255
2025-10-02,jueves,seca,nublado,14.0,false,4498
2025-10-03,viernes,seca,nublado,19.9,false,4524
2025-10-04,sábado,seca,lluvia,16.2,true,5542
2025-10-05,domingo,seca,despejado,24.0,true,5600
2025-10-06,lunes,seca,lluvia_torrencial,17.3,false,2440
2025-10-07,martes,seca,nublado,21.6,false,4784
2025-10-08,miércoles,seca,lluvia,17.0,false,5121
2025-10-09,jueves,seca,nublado,23.3,false,4176
2025-10-10,viernes,seca,lluvia,20.4,false,4838
2025-10-11,sábado,seca,despejado,23.5,true,5106
2025-10-12,domingo,seca,despejado,14.5,true,5304
2025-10-13,lunes,seca,despejado,19.3,false,4386
2025-10-14,martes,seca,nublado,22.0,false,5125
2025-10-15,miércoles,seca,despejado,23.8,false,4804
2025-10-16,jueves,seca,nublado,14.6,false,5080
2025-10-17,viernes,seca,despejado,16.5,false,4113
2025-10-18,sábado,seca,despejado,15.1,true,5600
2025-10-19,domingo,seca,despejado,15.5,true,5475
2025-10-20,lunes,seca,nublado,22.8,false,4905
2025-10-21,martes,seca,nublado,14.0,false,4278
2025-10-22,miércoles,seca,despejado,24.8,false,4478
2025-10-23,jueves,seca,lluvia_torrencial,22.4,false,2646
2025-10-24,viernes,seca,lluvia,20.3,false,4425
2025-10-25,sábado,seca,despejado,22.0,true,5600
2025-10-26,domingo,seca,tormenta,24.2,true,2707
2025-10-27,lunes,seca,lluvia,18.6,false,5161
2025-10-28,martes,seca,despejado,18.1,false,4893
2025-10-29,miércoles,seca,lluvia,21.8,false,4302
2025-10-30,jueves,seca,nublado,25.5,false,4537
2025-10-31,viernes,seca,nublado,18.8,false,4558
2025-11-01,sábado,lluvias,despejado,14.4,true,2916
2025-11-02,domingo,lluvias,lluvia,13.7,true,2405
2025-11-03,lunes,lluvias,nublado,15.8,false,2262
2025-11-04,martes,lluvias,nublado,20.6,false,2937
2025-11-05,miércoles,lluvias,tormenta,10.7,false,1558
2025-11-06,jueves,lluvias,despejado,15.2,false,3176
2025-11-07,viernes,lluvias,lluvia_torrencial,22.3,false,1724
2025-11-08,sábado,lluvias,nublado,21.9,true,2840
2025-11-09,domingo,lluvias,lluvia,11.0,true,2968
2025-11-10,lunes,lluvias,lluvia_torrencial,10.4,false,1691
2025-11-11,martes,lluvias,nublado,19.3,false,2299
2025-11-12,miércoles,lluvias,lluvia,18.5,false,2661
2025-11-13,jueves,lluvias,lluvia_torrencial,14.9,false,1709
2025-11-14,viernes,lluvias,lluvia,20.2,false,2541
2025-11-15,sábado,lluvias,lluvia_torrencial,18.1,true,1443
2025-11-16,domingo,lluvias,lluvia_torrencial,15.6,true,1615
2025-11-17,lunes,lluvias,lluvia_torrencial,15.3,false,1470
2025-11-18,martes,lluvias,nublado,18.7,false,2402
2025-11-19,miércoles,lluvias,nublado,17.1,false,3181
2025-11-20,jueves,lluvias,lluvia,17.3,false,3002
2025-11-21,viernes,lluvias,lluvia_torrencial,12.9,false,1292
2025-11-22,sábado,lluvias,lluvia_torrencial,14.7,true,1573
2025-11-23,domingo,lluvias,lluvia_torrencial,11.6,true,1309
2025-11-24,lunes,lluvias,lluvia,9.1,false,2267
2025-11-25,martes,lluvias,lluvia_torrencial,10.9,false,1000
2025-11-26,miércoles,lluvias,lluvia_torrencial,18.0,false,1553
2025-11-27,jueves,lluvias,tormenta,10.7,false,1253
2025-11-28,viernes,lluvias,lluvia,22.3,false,2307
2025-11-29,sábado,lluvias,tormenta,13.3,true,1296
2025-11-30,domingo,lluvias,lluvia_torrencial,22.3,true,1199
2025-12-01,lunes,lluvias,lluvia,18.1,false,2752
2025-12-02,martes,lluvias,despejado,17.6,false,2194
2025-12-03,miércoles,lluvias,lluvia,22.4,false,2183
2025-12-04,jueves,lluvias,nublado,12.3,false,2891
2025-12-05,viernes,lluvias,lluvia_torrencial,14.1,false,1718
2025-12-06,sábado,lluvias,lluvia,20.4,true,3403
2025-12-07,domingo,lluvias,lluvia,20.6,true,3586
2025-12-08,lunes,lluvias,despejado,12.5,true,3041
2025-12-09,martes,lluvias,nublado,22.5,false,2771
2025-12-10,miércoles,lluvias,lluvia_torrencial,14.3,false,1567
2025-12-11,jueves,lluvias,tormenta,18.5,false,1634
2025-12-12,viernes,lluvias,lluvia,17.4,false,2825
2025-12-13,sábado,lluvias,tormenta,15.0,true,1614
2025-12-14,domingo,lluvias,lluvia,17.2,true,2101
2025-12-15,lunes,lluvias,lluvia,13.6,false,1847
2025-12-16,martes,lluvias,lluvia,18.7,false,3135
2025-12-17,miércoles,lluvias,despejado,18.1,false,2117
2025-12-18,jueves,lluvias,tormenta,21.1,false,1753
2025-12-19,viernes,lluvias,lluvia,16.8,false,3004
2025-12-20,sábado,lluvias,lluvia,15.7,true,2213
2025-12-21,domingo,lluvias,tormenta,19.2,true,1915
2025-12-22,lunes,lluvias,lluvia_torrencial,15.4,false,1206
2025-12-23,martes,lluvias,lluvia_torrencial,15.2,false,1663
2025-12-24,miércoles,lluvias,lluvia,18.8,false,2297
2025-12-25,jueves,lluvias,nublado,13.7,true,3300
2025-12-26,viernes,lluvias,despejado,17.6,false,2448
2025-12-27,sábado,lluvias,nublado,10.2,true,3313
2025-12-28,domingo,lluvias,lluvia_torrencial,14.0,true,1430
2025-12-29,lunes,lluvias,tormenta,15.4,false,1085
2025-12-30,martes,lluvias,lluvia_torrencial,13.9,false,1200
2025-12-31,miércoles,lluvias,nublado,11.9,false,2476
2026-01-01,jueves,lluvias,lluvia,21.6,true,2781
2026-01-02,viernes,lluvias,lluvia,21.6,false,2600
2026-01-03,sábado,lluvias,lluvia,11.0,true,3084
2026-01-04,domingo,lluvias,despejado,12.5,true,3396
2026-01-05,lunes,lluvias,tormenta,11.4,false,1322
2026-01-06,martes,lluvias,lluvia_torrencial,11.6,true,1229
2026-01-07,miércoles,lluvias,nublado,17.6,false,2797
2026-01-08,jueves,lluvias,despejado,8.7,false,2258
2026-01-09,viernes,lluvias,lluvia,21.0,false,3194
2026-01-10,sábado,lluvias,lluvia_torrencial,11.5,true,1839
2026-01-11,domingo,lluvias,lluvia,20.4,true,2467
2026-01-12,lunes,lluvias,tormenta,16.6,false,1134
2026-01-13,martes,lluvias,lluvia_torrencial,19.4,false,1743
2026-01-14,miércoles,lluvias,lluvia,11.9,false,1949
2026-01-15,jueves,lluvias,lluvia,11.5,false,1857
2026-01-16,viernes,lluvias,nublado,14.8,false,2181
2026-01-17,sábado,lluvias,nublado,15.9,true,2208
2026-01-18,domingo,lluvias,nublado,9.9,true,3560
2026-01-19,lunes,lluvias,despejado,20.1,false,1892
2026-01-20,martes,lluvias,lluvia,18.8,false,3029
2026-01-21,miércoles,lluvias,despejado,17.3,false,3009
2026-01-22,jueves,lluvias,nublado,13.9,false,2953
2026-01-23,viernes,lluvias,lluvia_torrencial,8.5,false,1484
2026-01-24,sábado,lluvias,lluvia,12.6,true,3368
2026-01-25,domingo,lluvias,lluvia,13.3,true,2735
2026-01-26,lunes,lluvias,tormenta,15.5,false,1202
2026-01-27,martes,lluvias,nublado,19.5,false,1926
2026-01-28,miércoles,lluvias,tormenta,8.9,false,1731
2026-01-29,jueves,lluvias,tormenta,20.7,false,1060
2026-01-30,viernes,lluvias,nublado,10.0,false,2485
2026-01-31,sábado,lluvias,lluvia,15.4,true,2501
2026-02-01,domingo,lluvias,lluvia,12.6,true,2075
2026-02-02,lunes,lluvias,lluvia,15.7,false,2179
2026-02-03,martes,lluvias,tormenta,11.3,false,1745
2026-02-04,miércoles,lluvias,lluvia,12.7,false,2384
2026-02-05,jueves,lluvias,tormenta,14.5,false,1664
2026-02-06,viernes,lluvias,nublado,18.6,false,2750
2026-02-07,sábado,lluvias,nublado,19.4,true,3149
2026-02-08,domingo,lluvias,lluvia,21.6,true,3501
2026-02-09,lunes,lluvias,lluvia,17.9,false,1814
2026-02-10,martes,lluvias,nublado,19.2,false,3146
2026-02-11,miércoles,lluvias,despejado,10.1,false,2782
2026-02-12,jueves,lluvias,despejado,11.7,false,2416
2026-02-13,viernes,lluvias,lluvia_torrencial,20.6,false,1550
2026-02-14,sábado,lluvias,lluvia_torrencial,18.4,true,1600
2026-02-15,domingo,lluvias,lluvia,14.1,true,3528
2026-02-16,lunes,lluvias,lluvia,11.6,false,2904
2026-02-17,martes,lluvias,lluvia,20.1,false,2712
2026-02-18,miércoles,lluvias,nublado,12.3,false,2489
2026-02-19,jueves,lluvias,tormenta,14.2,false,1192
2026-02-20,viernes,lluvias,lluvia,14.9,false,2819
2026-02-21,sábado,lluvias,lluvia,16.2,true,3455
2026-02-22,domingo,lluvias,nublado,10.5,true,3233
2026-02-23,lunes,lluvias,lluvia,15.5,false,2572
2026-02-24,martes,lluvias,despejado,21.1,false,1917
2026-02-25,miércoles,lluvias,lluvia,13.2,false,2634
2026-02-26,jueves,lluvias,lluvia,11.3,false,3132
2026-02-27,viernes,lluvias,lluvia_torrencial,12.6,false,1241
2026-02-28,sábado,lluvias,nublado,17.0,true,3180
2026-03-01,domingo,lluvias,lluvia,13.1,true,2080
2026-03-02,lunes,lluvias,tormenta,17.7,false,1093
2026-03-03,martes,lluvias,tormenta,13.3,false,1590
2026-03-04,miércoles,lluvias,lluvia_torrencial,20.2,false,1000
2026-03-05,jueves,lluvias,lluvia_torrencial,16.6,false,1317
2026-03-06,viernes,lluvias,despejado,8.8,false,2415
2026-03-07,sábado,lluvias,lluvia,20.8,true,3123
2026-03-08,domingo,lluvias,nublado,10.4,true,3210
2026-03-09,lunes,lluvias,nublado,9.4,false,2413
2026-03-10,martes,lluvias,nublado,8.8,false,2824
2026-03-11,miércoles,lluvias,tormenta,17.8,false,1314
2026-03-12,jueves,lluvias,lluvia,16.6,false,2285
2026-03-13,viernes,lluvias,nublado,11.8,false,3150
2026-03-14,sábado,lluvias,nublado,8.9,true,3443
2026-03-15,domingo,lluvias,tormenta,18.6,true,1748
2026-03-16,lunes,lluvias,nublado,15.1,false,2202
2026-03-17,martes,lluvias,lluvia,13.4,false,2639
2026-03-18,miércoles,lluvias,despejado,15.4,false,2344
2026-03-19,jueves,lluvias,tormenta,12.2,false,1207
2026-03-20,viernes,lluvias,despejado,17.4,false,2141
2026-03-21,sábado,lluvias,lluvia,13.4,true,2126
2026-03-22,domingo,lluvias,tormenta,11.3,true,1876
2026-03-23,lunes,lluvias,nublado,9.1,false,2031
2026-03-24,martes,lluvias,lluvia,16.6,false,2499
2026-03-25,miércoles,lluvias,lluvia,10.5,false,2319
2026-03-26,jueves,lluvias,lluvia,19.8,false,2040
2026-03-27,viernes,lluvias,lluvia,10.8,false,2918
2026-03-28,sábado,lluvias,lluvia_torrencial,11.4,true,1484
2026-03-29,domingo,lluvias,tormenta,19.8,true,1897
2026-03-30,lunes,lluvias,nublado,21.0,false,1865
2026-03-31,martes,lluvias,lluvia_torrencial,12.0,false,1692
2026-04-01,miércoles,lluvias,nublado,22.2,false,2503
2026-04-02,jueves,lluvias,tormenta,22.2,false,991
2026-04-03,viernes,lluvias,tormenta,19.2,false,1120
2026-04-04,sábado,lluvias,tormenta,11.0,true,1610
2026-04-05,domingo,lluvias,tormenta,14.8,true,1346
2026-04-06,lunes,lluvias,lluvia_torrencial,11.4,false,1184
2026-04-07,martes,lluvias,lluvia_torrencial,22.5,false,1631
2026-04-08,miércoles,lluvias,lluvia_torrencial,9.8,false,1711
2026-04-09,jueves,lluvias,lluvia,10.0,false,3029
2026-04-10,viernes,lluvias,nublado,20.4,false,2453
2026-04-11,sábado,lluvias,nublado,14.4,true,3463
2026-04-12,domingo,lluvias,lluvia_torrencial,14.7,true,1865
2026-04-13,lunes,lluvias,lluvia_torrencial,21.6,false,1238
2026-04-14,martes,lluvias,nublado,18.1,false,2312
2026-04-15,miércoles,lluvias,lluvia_torrencial,17.7,false,1107
2026-04-16,jueves,lluvias,lluvia,16.7,false,2372
2026-04-17,viernes,lluvias,lluvia,19.7,false,1898
2026-04-18,sábado,lluvias,nublado,22.4,true,3138
2026-04-19,domingo,lluvias,tormenta,14.3,true,1387
2026-04-20,lunes,lluvias,despejado,15.0,false,2205
2026-04-21,martes,lluvias,lluvia,17.4,false,2959
2026-04-22,miércoles,lluvias,nublado,18.4,false,2466
2026-04-23,jueves,lluvias,lluvia,10.1,false,2849
2026-04-24,viernes,lluvias,despejado,21.4,false,2500
2026-04-25,sábado,lluvias,tormenta,13.7,true,1629
2026-04-26,domingo,lluvias,lluvia,20.1,true,3286
2026-04-27,lunes,lluvias,lluvia_torrencial,22.1,false,1465
2026-04-28,martes,lluvias,lluvia,14.9,false,3172
2026-04-29,miércoles,lluvias,lluvia,22.1,false,2163
2026-04-30,jueves,lluvias,lluvia,15.0,false,1849
2026-05-01,viernes,seca,tormenta,23.7,true,2775
2026-05-02,sábado,seca,lluvia,26.0,true,5114
2026-05-03,domingo,seca,nublado,18.2,true,4653
2026-05-04,lunes,seca,despejado,20.7,false,4913
2026-05-05,martes,seca,despejado,19.6,false,5067
2026-05-06,miércoles,seca,nublado,17.3,false,4113
2026-05-07,jueves,seca,lluvia_torrencial,20.0,false,2253
2026-05-08,viernes,seca,despejado,21.1,false,4647
2026-05-09,sábado,seca,despejado,19.8,true,4758
2026-05-10,domingo,seca,nublado,26.5,true,4798
2026-05-11,lunes,seca,despejado,21.4,false,4216
2026-05-12,martes,seca,despejado,15.1,false,4341
2026-05-13,miércoles,seca,nublado,23.8,false,4704
2026-05-14,jueves,seca,nublado,20.6,false,4545
2026-05-15,viernes,seca,despejado,21.6,false,4245
2026-05-16,sábado,seca,lluvia_torrencial,24.7,true,2908
2026-05-17,domingo,seca,despejado,23.6,true,5224
2026-05-18,lunes,seca,nublado,25.3,false,4844
2026-05-19,martes,seca,lluvia,19.9,false,4710
2026-05-20,miércoles,seca,lluvia,23.8,false,4144
2026-05-21,jueves,seca,lluvia,14.4,false,5162
2026-05-22,viernes,seca,nublado,21.2,false,4322
2026-05-23,sábado,seca,despejado,22.9,true,5600
2026-05-24,domingo,seca,nublado,14.2,true,4707
2026-05-25,lunes,seca,lluvia,16.3,false,4351
2026-05-26,martes,seca,despejado,26.4,false,4979
2026-05-27,miércoles,seca,nublado,19.2,false,4738
2026-05-28,jueves,seca,nublado,25.2,false,4063
2026-05-29,viernes,seca,nublado,23.0,false,4233
2026-05-30,sábado,seca,despejado,19.4,true,5066
2026-05-31,domingo,seca,nublado,22.9,true,4777
2026-06-01,lunes,seca,nublado,14.8,false,4353
2026-06-02,martes,seca,despejado,17.7,false,4008
2026-06-03,miércoles,seca,nublado,14.7,false,4353
2026-06-04,jueves,seca,lluvia,21.2,false,4218
2026-06-05,viernes,seca,despejado,14.4,false,4546
2026-06-06,sábado,seca,despejado,25.7,true,5431
2026-06-07,domingo,seca,nublado,15.2,true,5492
2026-06-08,lunes,seca,lluvia,25.6,false,4651
2026-06-09,martes,seca,lluvia,23.7,false,4578
2026-06-10,miércoles,seca,nublado,20.1,false,4493
2026-06-11,jueves,seca,despejado,18.0,false,5111
2026-06-12,viernes,seca,nublado,21.7,false,4846
2026-06-13,sábado,seca,despejado,19.4,true,5600
2026-06-14,domingo,seca,lluvia_torrencial,22.2,true,3026
2026-06-15,lunes,seca,despejado,20.0,false,4066
2026-06-16,martes,seca,lluvia_torrencial,17.8,false,2797
2026-06-17,miércoles,seca,nublado,21.6,false,4237
2026-06-18,jueves,seca,despejado,20.0,false,4095
2026-06-19,viernes,seca,despejado,21.8,false,4205
2026-06-20,sábado,seca,lluvia,24.8,true,5196
2026-06-21,domingo,seca,despejado,21.4,true,5482
2026-06-22,lunes,seca,lluvia,19.3,false,4474
2026-06-23,martes,seca,lluvia,16.5,false,4678
2026-06-24,miércoles,seca,despejado,20.4,true,5224
2026-06-25,jueves,seca,despejado,25.0,false,4110
2026-06-26,viernes,seca,lluvia,15.1,false,5157
2026-06-27,sábado,seca,nublado,23.8,true,5600
2026-06-28,domingo,seca,lluvia_torrencial,21.8,true,2935
2026-06-29,lunes,seca,despejado,24.8,true,4741
2026-06-30,martes,seca,nublado,26.4,false,4088
2026-07-01,miércoles,seca,despejado,25.1,false,5199
2026-07-02,jueves,seca,despejado,19.9,false,4464
2026-07-03,viernes,seca,despejado,26.0,false,4621
2026-07-04,sábado,seca,despejado,14.4,true,5474
2026-07-05,domingo,seca,lluvia,24.2,true,5132
2026-07-06,lunes,seca,despejado,19.6,false,4445
2026-07-07,martes,seca,tormenta,23.0,false,2627
2026-07-08,miércoles,seca,lluvia_torrencial,17.0,false,2301
2026-07-09,jueves,seca,lluvia,18.5,false,5068
2026-07-10,viernes,seca,despejado,23.0,false,4707
2026-07-11,sábado,seca,lluvia,23.2,true,5546
2026-07-12,domingo,seca,despejado,20.0,true,5487
2026-07-13,lunes,seca,despejado,18.8,false,4526
2026-07-14,martes,seca,lluvia_torrencial,15.4,false,2788
2026-07-15,miércoles,seca,lluvia,15.3,false,4326
2026-07-16,jueves,seca,despejado,20.3,false,4517
2026-07-17,viernes,seca,nublado,19.8,false,4757
2026-07-18,sábado,seca,despejado,25.2,true,4954
2026-07-19,domingo,seca,lluvia,19.0,true,5044
2026-07-20,lunes,seca,nublado,18.3,false,4478
2026-07-21,martes,seca,lluvia,25.4,false,4583
2026-07-22,miércoles,seca,despejado,15.2,false,4159
2026-07-23,jueves,seca,nublado,21.7,false,4288
2026-07-24,viernes,seca,lluvia,22.2,false,5048
2026-07-25,sábado,seca,lluvia,26.5,true,5220
2026-07-26,domingo,seca,nublado,15.5,true,5252
2026-07-27,lunes,seca,nublado,21.6,false,4273
2026-07-28,martes,seca,nublado,17.4,true,5536
2026-07-29,miércoles,seca,lluvia,23.2,true,5600
2026-07-30,jueves,seca,nublado,15.8,false,4456
2026-07-31,viernes,seca,lluvia_torrencial,22.2,false,2827
2026-08-01,sábado,seca,despejado,25.4,true,4934
2026-08-02,domingo,seca,nublado,20.3,true,5600
2026-08-03,lunes,seca,lluvia,22.3,false,4659
2026-08-04,martes,seca,nublado,17.8,false,4093
2026-08-05,miércoles,seca,lluvia_torrencial,16.7,false,2567
2026-08-06,jueves,seca,nublado,16.2,true,5415
2026-08-07,viernes,seca,nublado,26.3,false,4190
2026-08-08,sábado,seca,lluvia,14.1,true,5430
2026-08-09,domingo,seca,nublado,22.7,true,4961
2026-08-10,lunes,seca,nublado,21.9,false,4478
2026-08-11,martes,seca,despejado,22.9,false,4400
2026-08-12,miércoles,seca,despejado,15.6,false,5175
2026-08-13,jueves,seca,lluvia,14.8,false,4975
2026-08-14,viernes,seca,despejado,25.8,false,4248
2026-08-15,sábado,seca,nublado,20.7,true,4966
2026-08-16,domingo,seca,nublado,15.0,true,5364
2026-08-17,lunes,seca,lluvia_torrencial,23.2,false,2385
2026-08-18,martes,seca,despejado,21.2,false,5027
2026-08-19,miércoles,seca,despejado,22.5,false,4346
2026-08-20,jueves,seca,lluvia_torrencial,18.6,false,2380
2026-08-21,viernes,seca,nublado,21.5,false,4156
2026-08-22,sábado,seca,despejado,16.4,true,5600
2026-08-23,domingo,seca,lluvia,15.0,true,5546
2026-08-24,lunes,seca,despejado,21.3,false,4088
2026-08-25,martes,seca,lluvia,24.3,false,4939
2026-08-26,miércoles,seca,nublado,16.6,false,4263
2026-08-27,jueves,seca,nublado,25.1,false,4962
2026-08-28,viernes,seca,despejado,21.6,false,4669
2026-08-29,sábado,seca,despejado,26.4,true,5285
2026-08-30,domingo,seca,lluvia,22.5,true,5134
2026-08-31,lunes,seca,despejado,17.5,false,4879
2026-09-01,martes,seca,despejado,22.1,false,4327
2026-09-02,miércoles,seca,despejado,18.4,false,4078
2026-09-03,jueves,seca,lluvia_torrencial,19.7,false,2308
2026-09-04,viernes,seca,tormenta,19.9,false,2583
2026-09-05,sábado,seca,lluvia,22.9,true,4843
2026-09-06,domingo,seca,despejado,18.4,true,5600
2026-09-07,lunes,seca,lluvia,21.2,false,4405
2026-09-08,martes,seca,despejado,15.2,false,4359
2026-09-09,miércoles,seca,lluvia,23.1,false,4082
2026-09-10,jueves,seca,lluvia,16.1,false,4928
2026-09-11,viernes,seca,lluvia,16.8,false,4185
2026-09-12,sábado,seca,nublado,15.3,true,5365
2026-09-13,domingo,seca,despejado,19.8,true,5600
2026-09-14,lunes,seca,despejado,16.7,false,4370
2026-09-15,martes,seca,nublado,17.0,false,4198
2026-09-16,miércoles,seca,tormenta,15.9,false,2374
2026-09-17,jueves,seca,despejado,15.6,false,4285
2026-09-18,viernes,seca,nublado,17.0,false,4120
2026-09-19,sábado,seca,despejado,19.5,true,5415
2026-09-20,domingo,seca,lluvia_torrencial,19.3,true,2636
2026-09-21,lunes,seca,lluvia,21.8,false,4599
2026-09-22,martes,seca,despejado,21.6,false,5105
2026-09-23,miércoles,seca,nublado,25.7,false,4563
2026-09-24,jueves,seca,nublado,26.1,false,4815
2026-09-25,viernes,seca,despejado,18.5,false,5048
2026-09-26,sábado,seca,lluvia,14.9,true,5600
2026-09-27,domingo,seca,nublado,25.1,true,5600
2026-09-28,lunes,seca,nublado,18.4,false,4046
2026-09-29,martes,seca,nublado,20.1,false,4809
2026-09-30,miércoles,seca,lluvia,17.4,false,4837
2026-10-01,jueves,seca,lluvia,15.9,false,4792
2026-10-02,viernes,seca,despejado,18.2,false,5094
2026-10-03,sábado,seca,despejado,25.1,true,4756
2026-10-04,domingo,seca,despejado,21.3,true,5060
2026-10-05,lunes,seca,nublado,16.3,false,4463
2026-10-06,martes,seca,lluvia,22.1,false,4392
2026-10-07,miércoles,seca,nublado,25.9,false,5070
2026-10-08,jueves,seca,nublado,25.3,false,5021
2026-10-09,viernes,seca,lluvia,18.4,false,4978
2026-10-10,sábado,seca,despejado,25.2,true,5600
2026-10-11,domingo,seca,despejado,19.4,true,5600
2026-10-12,lunes,seca,despejado,23.1,false,4045
2026-10-13,martes,seca,nublado,20.2,false,4355
2026-10-14,miércoles,seca,lluvia_torrencial,24.1,false,2406
2026-10-15,jueves,seca,despejado,21.5,false,5140
2026-10-16,viernes,seca,despejado,16.4,false,4856
2026-10-17,sábado,seca,lluvia,16.3,true,5316
2026-10-18,domingo,seca,despejado,18.2,true,5600
2026-10-19,lunes,seca,despejado,19.0,false,4720
2026-10-20,martes,seca,tormenta,16.4,false,2484
2026-10-21,miércoles,seca,nublado,18.0,false,4811
2026-10-22,jueves,seca,nublado,15.2,false,4197
2026-10-23,viernes,seca,nublado,20.1,false,4341
2026-10-24,sábado,seca,lluvia_torrencial,20.5,true,2976
2026-10-25,domingo,seca,despejado,24.4,true,4843
2026-10-26,lunes,seca,despejado,19.2,false,5171
2026-10-27,martes,seca,lluvia,24.6,false,5188
2026-10-28,miércoles,seca,despejado,17.1,false,4267
2026-10-29,jueves,seca,nublado,15.6,false,4825
2026-10-30,viernes,seca,nublado,21.7,false,4730
2026-10-31,sábado,seca,despejado,21.4,true,5600
2026-11-01,domingo,lluvias,nublado,21.0,true,2651
2026-11-02,lunes,lluvias,tormenta,18.8,false,1722
2026-11-03,martes,lluvias,nublado,13.3,false,2118
2026-11-04,miércoles,lluvias,lluvia,13.2,false,2733
2026-11-05,jueves,lluvias,lluvia_torrencial,20.2,false,1374
2026-11-06,viernes,lluvias,lluvia_torrencial,15.3,false,1427
2026-11-07,sábado,lluvias,nublado,13.4,true,3487
2026-11-08,domingo,lluvias,despejado,12.0,true,3205
2026-11-09,lunes,lluvias,lluvia_torrencial,15.7,false,1172
2026-11-10,martes,lluvias,tormenta,18.7,false,1437
2026-11-11,miércoles,lluvias,nublado,16.7,false,2107
2026-11-12,jueves,lluvias,lluvia_torrencial,16.7,false,1645
2026-11-13,viernes,lluvias,lluvia,9.7,false,1835
2026-11-14,sábado,lluvias,lluvia,16.9,true,3430
2026-11-15,domingo,lluvias,nublado,18.9,true,3323
2026-11-16,lunes,lluvias,lluvia,17.0,false,2552
2026-11-17,martes,lluvias,lluvia,18.2,false,1902
2026-11-18,miércoles,lluvias,lluvia,21.6,false,2697
2026-11-19,jueves,lluvias,tormenta,17.6,false,1091
2026-11-20,viernes,lluvias,nublado,15.8,false,2756
2026-11-21,sábado,lluvias,lluvia,9.4,true,3429
2026-11-22,domingo,lluvias,nublado,16.2,true,3547
2026-11-23,lunes,lluvias,lluvia,17.1,false,1996
2026-11-24,martes,lluvias,lluvia,10.4,false,2284
2026-11-25,miércoles,lluvias,lluvia_torrencial,16.8,false,1520
2026-11-26,jueves,lluvias,lluvia,21.2,false,2888
2026-11-27,viernes,lluvias,nublado,11.9,false,1917
2026-11-28,sábado,lluvias,nublado,20.5,true,2851
2026-11-29,domingo,lluvias,nublado,17.2,true,3680
2026-11-30,lunes,lluvias,lluvia,14.9,false,1839
2026-12-01,martes,lluvias,tormenta,16.9,false,1487
2026-12-02,miércoles,lluvias,tormenta,10.3,false,1289
2026-12-03,jueves,lluvias,lluvia_torrencial,14.9,false,1512
2026-12-04,viernes,lluvias,lluvia,17.7,false,2121
2026-12-05,sábado,lluvias,lluvia,22.1,true,2531
2026-12-06,domingo,lluvias,despejado,9.3,true,3185
2026-12-07,lunes,lluvias,lluvia,21.4,false,2726
2026-12-08,martes,lluvias,lluvia,13.1,true,2935
2026-12-09,miércoles,lluvias,nublado,14.4,false,1952
2026-12-10,jueves,lluvias,tormenta,15.4,false,1453
2026-12-11,viernes,lluvias,lluvia_torrencial,11.7,false,1214
2026-12-12,sábado,lluvias,lluvia,12.7,true,3660
2026-12-13,domingo,lluvias,despejado,16.9,true,3459
2026-12-14,lunes,lluvias,lluvia_torrencial,17.3,false,1071
2026-12-15,martes,lluvias,tormenta,12.4,false,1358
2026-12-16,miércoles,lluvias,nublado,13.3,false,3125
2026-12-17,jueves,lluvias,lluvia,14.0,false,3158
2026-12-18,viernes,lluvias,lluvia_torrencial,16.8,false,1487
2026-12-19,sábado,lluvias,lluvia_torrencial,13.6,true,1171
2026-12-20,domingo,lluvias,tormenta,11.3,true,1891
2026-12-21,lunes,lluvias,lluvia_torrencial,19.1,false,1469
2026-12-22,martes,lluvias,lluvia,22.3,false,2676
2026-12-23,miércoles,lluvias,tormenta,10.8,false,1024
2026-12-24,jueves,lluvias,lluvia_torrencial,8.9,false,1506
2026-12-25,viernes,lluvias,despejado,11.1,true,2637
2026-12-26,sábado,lluvias,lluvia_torrencial,19.9,true,1689
2026-12-27,domingo,lluvias,lluvia,14.9,true,2367
2026-12-28,lunes,lluvias,tormenta,12.4,false,1061
2026-12-29,martes,lluvias,nublado,17.1,false,2036
2026-12-30,miércoles,lluvias,tormenta,9.4,false,1724
2026-12-31,jueves,lluvias,tormenta,10.9,false,1044
